Rank,Comments,URL,Signature,Posted By,Posted When
9,1,https://preview.redd.it/v3639twqap3c1.png?width=640&crop=smart&auto=webp&s=eacefbfad6e31074cf7be717afebf14e1e71177b,ohMyGodCanYouLetMeDoWhatINeedToDo,u/AGENT_P6,0
35,4,https://preview.redd.it/8gpy3wur8p3c1.jpg?width=640&crop=smart&auto=webp&s=a8d167ceb068e21776ed0d19fbc6dd51b27755a7,whenInternDevelopsNewFeature,u/n2oblife,0
74,2,https://preview.redd.it/p22hst1q7p3c1.jpeg?width=640&crop=smart&auto=webp&s=a4c4c5db813625b79f2e1de04299fab38e3fb0ca,savingChristmas,u/theBadRoboT84,0
415,135,https://i.redd.it/bz5g44zjzo3c1.jpg,whyTho,u/Github_Boi,0
0,2,https://preview.redd.it/4cwc0iwilo3c1.png?width=640&crop=smart&auto=webp&s=eb508b5589c945e9250b1c9168d8414f801d0b9f,artificialIntelligenceWillMakeProgrammersObsolete,u/wutzebaer,0
97,10,https://preview.redd.it/gqns0155ho3c1.png?width=640&crop=smart&auto=webp&s=91c3b8f164e25075ebaa0741cdef7eef9ff167c2,pleaseIDontKnowHowToReadDocsAnymore,u/sam_my_friend,0
40,1,https://preview.redd.it/nv1sqi6e4o3c1.jpg?width=640&crop=smart&auto=webp&s=94353e1a739a143b852a599808daabdca752715d,foundThisOnATrainToday,u/FodziCz,0
4,3,https://i.redd.it/q4576uc0zn3c1.png,pomNiXml,u/AITORIAUS,0
428,14,https://preview.redd.it/wbstlvacln3c1.jpeg?width=640&crop=smart&auto=webp&s=3d05f6a4ba8ba109888f8978179389399def185a,finallyUsefulQuantumComputing,u/OP_Sidearm,0
60,6,https://preview.redd.it/vsenmfkjgn3c1.png?width=640&crop=smart&auto=webp&s=d3dd3fdb12b659cc8cc58b52bb7beb3d4b9cc330,ChisatoAndTakinaExplainDatabaseSerializability,u/lets_clutch_this,0
17,0,https://i.redd.it/bnkh3ct3fn3c1.jpeg,llmSupportedWork,u/ComprehensiveBird317,0
11,27,https://i.redd.it/tqie4b9oen3c1.png,LetsGoFightHimRealLife,u/brosiousIII,0
99,438,https://preview.redd.it/vq1f702zmm3c1.jpg?width=640&crop=smart&auto=webp&s=da5ba775fef1af204c9ca15610a5e5eb6fe9d3f4,everyoneShouldUseGit,u/ienjoymusiclol,0
125,5,https://i.redd.it/rc78k485jm3c1.png,FreeMemory,u/tdiidt,0
484,44,https://i.redd.it/ekyro8tz5m3c1.jpg,accordingToThePhilosophyOfSigmundFreud,u/sunrise_apps,0
26,17,https://i.redd.it/f8yob7qs5m3c1.jpg,letsGoFightHim,u/sunrise_apps,0
313,18,https://i.redd.it/kw51kz5fol3c1.png,veryEducational,u/Aggguss,0
593,78,https://preview.redd.it/mt1rwn7gbl3c1.jpg?width=640&crop=smart&auto=webp&s=571b708e6cce969b9dd7e4bff32350f124d99399,logYourHours,u/TheVeskel,0
14,1,https://preview.redd.it/zkxx1vn55l3c1.jpg?width=640&crop=smart&auto=webp&s=2d044d51e201ab29071bfe57ab25c641cb39856e,NotTheErrorIExpectedHimToHave,u/FlummoxTheMagnifique,0
85,608,https://i.redd.it/wxtkllnuzk3c1.png,iHateEmojis,u/hypnofedX,0
29,6,https://preview.redd.it/d40nf1vsyk3c1.png?width=640&crop=smart&auto=webp&s=11265d585465536bf8835d54467a70be6fa4bcba,billGatesAndPaulAllen,u/EminemsDaughterSucks,0
479,10,https://preview.redd.it/f3v9pw6mqk3c1.jpg?width=640&crop=smart&auto=webp&s=12da0c1937cfce6b8b17fc07ba61e5753d907232,butIThoughtSmallMeantEasy,u/ccricers,0
515,77,https://preview.redd.it/ibkn6eg6mk3c1.jpeg?width=640&crop=smart&auto=webp&s=798a2e20958e9c994b634c9058bb250f1023e9aa,couldHaveDoneAThousandSubtractionsButDidThisInstead,u/Helium224,0
79,16,https://i.redd.it/ss758u31kk3c1.jpg,chatGptStoppedHelpingMeToday,u/Still-Entrepreneur21,0
116,8,https://preview.redd.it/cdumh6zdak3c1.png?width=640&crop=smart&auto=webp&s=5adfeccb10c12f61bb7202c47746576094e7920a,amITheOnlyOneWhoHasEverNoticedThisRessemblance,u/FinalAccount19,0
